Frontend file,Line,Usage,Endpoint,Convex export exists,Mock behavior,Unsafe cast,Decision,Status,Notes
src/App.tsx,80,useQuery,cms.getSettings,yes,heuristic match,no,migrate,inventoried,
src/client/queries/cases.ts,20,direct reference,cases.listCases,yes,heuristic match,no,migrate,inventoried,
src/client/queries/cases.ts,35,direct reference,cases.createCase,yes,heuristic match,no,migrate,inventoried,
src/client/queries/documents.ts,25,direct reference,documents.listDocuments,yes,heuristic match,no,migrate,inventoried,
src/client/queries/documents.ts,44,direct reference,documents.searchDocuments,yes,no explicit branch detected,no,migrate,inventoried,
src/client/queries/documents.ts,63,direct reference,documents.getRecentDocuments,yes,no explicit branch detected,no,migrate,inventoried,
src/client/queries/documents.ts,79,direct reference,documents.createDocument,yes,heuristic match,no,migrate,inventoried,
src/client/queries/tasks.ts,20,direct reference,tasks.listTasks,yes,heuristic match,no,migrate,inventoried,
src/client/queries/tasks.ts,35,direct reference,tasks.updateTask,yes,heuristic match,no,migrate,inventoried,
src/components/cases/ConflictCheckerModal.tsx,24,useMutation,cases.markConflictChecked,yes,heuristic match,yes,migrate,inventoried,
src/components/cases/ConflictCheckerModal.tsx,35,useQuery,cases.checkConflict,yes,heuristic match,yes,migrate,inventoried,
src/components/documents/DocumentShareModal.tsx,19,useMutation,documents.createShareLink,yes,heuristic match,no,migrate,inventoried,
src/components/documents/DocumentShareModal.tsx,20,useMutation,documents.revokeShareLink,yes,heuristic match,no,migrate,inventoried,
src/components/documents/DocumentShareModal.tsx,21,useQuery,documents.listShareLinks,yes,heuristic match,no,migrate,inventoried,
src/components/documents/MultiFileUploadModal.tsx,66,useQuery,cases.listCases,yes,heuristic match,no,migrate,inventoried,
src/components/documents/MultiFileUploadModal.tsx,68,useMutation,documents.generateUploadUrl,yes,heuristic match,no,migrate,inventoried,
src/components/documents/MultiFileUploadModal.tsx,69,useMutation,documents.createDocument,yes,heuristic match,no,migrate,inventoried,
src/components/documents/TagManagementModal.tsx,12,useQuery,tags.listTags,yes,no explicit branch detected,no,migrate,inventoried,
src/components/documents/TagManagementModal.tsx,13,useMutation,tags.createTag,yes,no explicit branch detected,no,migrate,inventoried,
src/components/documents/TagManagementModal.tsx,14,useMutation,tags.deleteTag,yes,no explicit branch detected,no,migrate,inventoried,
src/components/documents/TemplateGeneratorModal.tsx,12,useQuery,cases.listCases,yes,heuristic match,no,migrate,inventoried,
src/components/documents/TemplateGeneratorModal.tsx,13,useQuery,templates.listTemplates,yes,heuristic match,no,migrate,inventoried,
src/components/documents/TemplateGeneratorModal.tsx,15,useMutation,documents.createDocument,yes,heuristic match,no,migrate,inventoried,
src/components/documents/TemplateGeneratorModal.tsx,16,useMutation,documents.generateUploadUrl,yes,heuristic match,no,migrate,inventoried,
src/components/documents/TemplateGeneratorModal.tsx,23,useQuery,cases.getCaseWithDetails,yes,no explicit branch detected,no,migrate,inventoried,
src/components/ui/ChatbotWidget.tsx,84,useMutation,chatbots.submitLead,yes,heuristic match,no,migrate,inventoried,
src/components/ui/CommandCenter.tsx,13,useQuery,cases.listCases,yes,heuristic match,no,migrate,inventoried,
src/components/ui/CommandCenter.tsx,20,useQuery,users.listStaffDirectory,yes,heuristic match,no,migrate,inventoried,
src/components/ui/CommandCenter.tsx,52,useQuery,messages.listMessages,yes,heuristic match,no,migrate,inventoried,
src/components/ui/CommandCenter.tsx,57,useMutation,messages.sendMessage,yes,heuristic match,no,migrate,inventoried,
src/components/ui/CommandCenter.tsx,58,useMutation,messages.markMessagesRead,yes,heuristic match,no,migrate,inventoried,
src/components/ui/notification-bell.tsx,23,useQuery,notifications.listNotifications,yes,heuristic match,no,migrate,inventoried,
src/components/ui/notification-bell.tsx,24,useMutation,notifications.markRead,yes,heuristic match,no,migrate,inventoried,
src/components/ui/notification-bell.tsx,25,useMutation,notifications.markAllRead,yes,heuristic match,no,migrate,inventoried,
src/hooks/use-auth.ts,26,useQuery,users.getCurrentUser,yes,heuristic match,no,migrate,inventoried,
src/hooks/use-current-user.ts,13,useQuery,users.getCurrentUser,yes,heuristic match,no,migrate,inventoried,
src/pages/admin/AdminAnalyticsPage.tsx,16,useQuery,analytics.getDashboardData,yes,heuristic match,yes,migrate,inventoried,
src/pages/admin/AdminAppointmentsPage.tsx,15,useQuery,appointments.listAppointments,yes,heuristic match,no,migrate,inventoried,
src/pages/admin/AdminAppointmentsPage.tsx,16,useQuery,users.listStaffDirectory,yes,heuristic match,no,migrate,inventoried,
src/pages/admin/AdminAppointmentsPage.tsx,20,useMutation,appointments.createAppointment,yes,heuristic match,no,migrate,inventoried,
src/pages/admin/AdminAppointmentsPage.tsx,21,useMutation,appointments.updateAppointmentStatus,yes,heuristic match,no,migrate,inventoried,
src/pages/admin/AdminAppointmentsPage.tsx,22,useMutation,appointments.assignLawyerToAppointment,yes,heuristic match,no,migrate,inventoried,
src/pages/admin/AdminAppointmentsPage.tsx,23,useMutation,appointments.rescheduleAppointment,yes,no explicit branch detected,no,migrate,inventoried,
src/pages/admin/AdminAuditPage.tsx,41,useQuery,auditLog.listAuditLog,yes,heuristic match,no,migrate,inventoried,
src/pages/admin/AdminAuditPage.tsx,45,useQuery,users.listUsers,yes,heuristic match,no,migrate,inventoried,
src/pages/admin/AdminCMSAbout.tsx,35,useQuery,cms.getSettings,yes,heuristic match,no,migrate,inventoried,
src/pages/admin/AdminCMSAbout.tsx,36,useMutation,cms.updateSettings,yes,heuristic match,no,migrate,inventoried,
src/pages/admin/AdminCMSBlog.tsx,17,useQuery,cms.listBlogPosts,yes,heuristic match,no,migrate,inventoried,
src/pages/admin/AdminCMSBlog.tsx,18,useMutation,cms.createBlogPost,yes,heuristic match,no,migrate,inventoried,
src/pages/admin/AdminCMSBlog.tsx,19,useMutation,cms.updateBlogPost,yes,heuristic match,no,migrate,inventoried,
src/pages/admin/AdminCMSBlog.tsx,20,useMutation,cms.deleteBlogPost,yes,heuristic match,no,migrate,inventoried,
src/pages/admin/AdminCMSCareers.tsx,15,useQuery,cms.listCareers,yes,heuristic match,no,migrate,inventoried,
src/pages/admin/AdminCMSCareers.tsx,16,useQuery,cms.listJobApplications,yes,heuristic match,no,migrate,inventoried,
src/pages/admin/AdminCMSCareers.tsx,18,useMutation,cms.createCareer,yes,no explicit branch detected,no,migrate,inventoried,
src/pages/admin/AdminCMSCareers.tsx,19,useMutation,cms.updateCareer,yes,no explicit branch detected,no,migrate,inventoried,
src/pages/admin/AdminCMSCareers.tsx,20,useMutation,cms.deleteCareer,yes,no explicit branch detected,no,migrate,inventoried,
src/pages/admin/AdminCMSCareers.tsx,21,useMutation,cms.updateJobApplicationStatus,yes,no explicit branch detected,no,migrate,inventoried,
src/pages/admin/AdminCMSDashboard.tsx,52,useQuery,cms.getSettings,yes,heuristic match,no,migrate,inventoried,
src/pages/admin/AdminCMSDashboard.tsx,53,useMutation,cms.updateSettings,yes,heuristic match,no,migrate,inventoried,
src/pages/admin/AdminCMSNavigation.tsx,15,useQuery,cms.listNavigationLinks,yes,heuristic match,no,migrate,inventoried,
src/pages/admin/AdminCMSNavigation.tsx,16,useQuery,cms.getSettings,yes,heuristic match,no,migrate,inventoried,
src/pages/admin/AdminCMSNavigation.tsx,18,useMutation,cms.createNavigationLink,yes,no explicit branch detected,no,migrate,inventoried,
src/pages/admin/AdminCMSNavigation.tsx,19,useMutation,cms.updateNavigationLink,yes,no explicit branch detected,no,migrate,inventoried,
src/pages/admin/AdminCMSNavigation.tsx,20,useMutation,cms.deleteNavigationLink,yes,no explicit branch detected,no,migrate,inventoried,
src/pages/admin/AdminCMSNavigation.tsx,21,useMutation,cms.reorderNavigationLinks,yes,no explicit branch detected,no,migrate,inventoried,
src/pages/admin/AdminCMSNavigation.tsx,22,useMutation,cms.updateSettings,yes,heuristic match,no,migrate,inventoried,
src/pages/admin/AdminCMSNews.tsx,15,useQuery,cms.listNewsAndAwards,yes,heuristic match,no,migrate,inventoried,
src/pages/admin/AdminCMSNews.tsx,16,useMutation,cms.createNewsAndAward,yes,heuristic match,no,migrate,inventoried,
src/pages/admin/AdminCMSNews.tsx,17,useMutation,cms.updateNewsAndAward,yes,heuristic match,no,migrate,inventoried,
src/pages/admin/AdminCMSNews.tsx,18,useMutation,cms.deleteNewsAndAward,yes,heuristic match,no,migrate,inventoried,
src/pages/admin/AdminCMSPracticeAreas.tsx,23,useQuery,cms.listPracticeAreas,yes,heuristic match,no,migrate,inventoried,
src/pages/admin/AdminCMSPracticeAreas.tsx,24,useMutation,cms.createPracticeArea,yes,heuristic match,no,migrate,inventoried,
src/pages/admin/AdminCMSPracticeAreas.tsx,25,useMutation,cms.updatePracticeArea,yes,heuristic match,no,migrate,inventoried,
src/pages/admin/AdminCMSPracticeAreas.tsx,26,useMutation,cms.deletePracticeArea,yes,heuristic match,no,migrate,inventoried,
src/pages/admin/AdminCMSResources.tsx,14,useQuery,cms.listResources,yes,heuristic match,no,migrate,inventoried,
src/pages/admin/AdminCMSResources.tsx,15,useMutation,cms.createResource,yes,heuristic match,no,migrate,inventoried,
src/pages/admin/AdminCMSResources.tsx,16,useMutation,cms.updateResource,yes,heuristic match,no,migrate,inventoried,
src/pages/admin/AdminCMSResources.tsx,17,useMutation,cms.deleteResource,yes,heuristic match,no,migrate,inventoried,
src/pages/admin/AdminCMSTeam.tsx,13,useQuery,users.listUsers,yes,heuristic match,no,migrate,inventoried,
src/pages/admin/AdminCMSTeam.tsx,14,useMutation,users.createUser,yes,heuristic match,no,migrate,inventoried,
src/pages/admin/AdminCMSTeam.tsx,15,useMutation,users.updateProfile,yes,heuristic match,no,migrate,inventoried,
src/pages/admin/AdminCMSTeam.tsx,16,useMutation,users.deleteUser,yes,no explicit branch detected,no,migrate,inventoried,
src/pages/admin/AdminCMSTeam.tsx,17,useMutation,users.togglePublicStatus,yes,no explicit branch detected,no,migrate,inventoried,
src/pages/admin/AdminCMSTestimonials.tsx,14,useQuery,cms.listTestimonials,yes,heuristic match,no,migrate,inventoried,
src/pages/admin/AdminCMSTestimonials.tsx,15,useMutation,cms.createTestimonial,yes,heuristic match,no,migrate,inventoried,
src/pages/admin/AdminCMSTestimonials.tsx,16,useMutation,cms.updateTestimonial,yes,heuristic match,no,migrate,inventoried,
src/pages/admin/AdminCMSTestimonials.tsx,17,useMutation,cms.deleteTestimonial,yes,heuristic match,no,migrate,inventoried,
src/pages/admin/AdminConflictChecker.tsx,39,useQuery,clients.listClients,yes,heuristic match,no,migrate,inventoried,
src/pages/admin/AdminConflictChecker.tsx,40,useQuery,cases.listCases,yes,heuristic match,no,migrate,inventoried,
src/pages/admin/AdminConflictChecker.tsx,42,useMutation,conflictChecks.logSearch,yes,no explicit branch detected,no,migrate,inventoried,
src/pages/admin/AdminConflictChecker.tsx,43,useMutation,conflictChecks.updateStatus,yes,no explicit branch detected,no,migrate,inventoried,
src/pages/admin/AdminConflictChecker.tsx,44,useQuery,conflictChecks.listRecentChecks,yes,no explicit branch detected,no,migrate,inventoried,
src/pages/admin/AdminCRMPage.tsx,39,useQuery,leads.listLeads,yes,heuristic match,no,migrate,inventoried,
src/pages/admin/AdminCRMPage.tsx,40,useQuery,users.listStaffDirectory,yes,heuristic match,no,migrate,inventoried,
src/pages/admin/AdminCRMPage.tsx,41,useMutation,leads.updateLead,yes,heuristic match,no,migrate,inventoried,
src/pages/admin/AdminCRMPage.tsx,42,useMutation,leads.convertToClient,yes,heuristic match,no,migrate,inventoried,
src/pages/admin/AdminCRMPage.tsx,43,useMutation,leads.generateIntakeLink,yes,heuristic match,yes,migrate,inventoried,
src/pages/admin/AdminDashboard.tsx,9,useQuery,cases.listCases,yes,heuristic match,no,migrate,inventoried,
src/pages/admin/AdminDashboard.tsx,10,useQuery,clients.listClients,yes,heuristic match,no,migrate,inventoried,
src/pages/admin/AdminDashboard.tsx,11,useQuery,users.listUsers,yes,heuristic match,no,migrate,inventoried,
src/pages/admin/AdminDashboard.tsx,12,useQuery,invoices.listInvoices,yes,heuristic match,no,migrate,inventoried,
src/pages/admin/AdminDashboard.tsx,13,useQuery,timeEntries.listTimeEntries,yes,heuristic match,no,migrate,inventoried,
src/pages/admin/AdminDocumentGenerator.tsx,16,useQuery,templates.listTemplates,yes,heuristic match,yes,migrate,inventoried,
src/pages/admin/AdminDocumentGenerator.tsx,17,useQuery,documents.listDocuments,yes,heuristic match,no,migrate,inventoried,
src/pages/admin/AdminDocumentGenerator.tsx,18,useQuery,clients.listClients,yes,heuristic match,no,migrate,inventoried,
src/pages/admin/AdminDocumentGenerator.tsx,19,useQuery,cases.listCases,yes,heuristic match,no,migrate,inventoried,
src/pages/admin/AdminDocumentGenerator.tsx,20,useMutation,documents.createDocument,yes,heuristic match,no,migrate,inventoried,
src/pages/admin/AdminExpensesPage.tsx,51,useQuery,expenses.list,yes,heuristic match,yes,migrate,inventoried,
src/pages/admin/AdminExpensesPage.tsx,52,useQuery,expenses.getStats,yes,heuristic match,yes,migrate,inventoried,
src/pages/admin/AdminExpensesPage.tsx,53,useQuery,cases.listCases,yes,heuristic match,yes,migrate,inventoried,
src/pages/admin/AdminExpensesPage.tsx,54,useQuery,users.listStaffDirectory,yes,heuristic match,yes,migrate,inventoried,
src/pages/admin/AdminExpensesPage.tsx,56,useMutation,expenses.create,yes,heuristic match,yes,migrate,inventoried,
src/pages/admin/AdminExpensesPage.tsx,57,useMutation,expenses.approve,yes,heuristic match,yes,migrate,inventoried,
src/pages/admin/AdminExpensesPage.tsx,58,useMutation,expenses.remove,yes,heuristic match,yes,migrate,inventoried,
src/pages/admin/AdminFinancePage.tsx,22,useQuery,invoices.listInvoices,yes,heuristic match,no,migrate,inventoried,
src/pages/admin/AdminFinancePage.tsx,23,useQuery,invoices.listTrustTransactions,yes,heuristic match,no,migrate,inventoried,
src/pages/admin/AdminFinancePage.tsx,24,useQuery,timeEntries.listTimeEntries,yes,heuristic match,no,migrate,inventoried,
src/pages/admin/AdminFinancePage.tsx,25,useQuery,cases.listCases,yes,heuristic match,no,migrate,inventoried,
src/pages/admin/AdminFinancePage.tsx,26,useQuery,clients.listClients,yes,heuristic match,no,migrate,inventoried,
src/pages/admin/AdminFinancePage.tsx,28,useMutation,invoices.createInvoiceFromTimeEntries,yes,heuristic match,no,migrate,inventoried,
src/pages/admin/AdminFinancePage.tsx,29,useMutation,invoices.updateInvoiceStatus,yes,no explicit branch detected,no,migrate,inventoried,
src/pages/admin/AdminFinancePage.tsx,30,useMutation,invoices.createTrustTransaction,yes,no explicit branch detected,no,migrate,inventoried,
src/pages/admin/AdminFinancePage.tsx,31,useMutation,communications.sendEmail,yes,heuristic match,no,migrate,inventoried,
src/pages/admin/AdminHRPage.tsx,24,useQuery,users.listUsers,yes,heuristic match,no,migrate,inventoried,
src/pages/admin/AdminHRPage.tsx,25,useQuery,hr.listAttendance,yes,heuristic match,no,migrate,inventoried,
src/pages/admin/AdminHRPage.tsx,26,useQuery,hr.listLeaveRequests,yes,heuristic match,no,migrate,inventoried,
src/pages/admin/AdminHRPage.tsx,27,useQuery,hr.generatePayroll,yes,heuristic match,no,migrate,inventoried,
src/pages/admin/AdminHRPage.tsx,29,useMutation,hr.reviewLeaveRequest,yes,heuristic match,no,migrate,inventoried,
src/pages/admin/AdminHRPage.tsx,30,useMutation,hr.upsertAttendance,yes,heuristic match,no,migrate,inventoried,
src/pages/admin/AdminHRPage.tsx,31,useMutation,hr.setBaseSalary,yes,heuristic match,no,migrate,inventoried,
src/pages/admin/AdminSettingsPage.tsx,36,useQuery,settings.getSystemSettings,yes,heuristic match,no,migrate,inventoried,
src/pages/admin/AdminSettingsPage.tsx,37,useMutation,settings.updateSystemSettings,yes,heuristic match,no,migrate,inventoried,
src/pages/admin/AdminSettingsPage.tsx,38,useQuery,users.getRolePermissions,yes,heuristic match,no,migrate,inventoried,
src/pages/admin/AdminSettingsPage.tsx,39,useMutation,users.saveRolePermissions,yes,heuristic match,no,migrate,inventoried,
src/pages/admin/AdminSettingsPage.tsx,40,useMutation,documents.migrateLegacySecurityBoundary,yes,heuristic match,no,migrate,inventoried,
src/pages/admin/AdminTemplatesPage.tsx,21,useQuery,templates.listTemplates,yes,heuristic match,no,migrate,inventoried,
src/pages/admin/AdminTemplatesPage.tsx,22,useMutation,templates.createTemplate,yes,heuristic match,no,migrate,inventoried,
src/pages/admin/AdminTemplatesPage.tsx,23,useMutation,templates.updateTemplate,yes,heuristic match,no,migrate,inventoried,
src/pages/admin/AdminTemplatesPage.tsx,24,useMutation,templates.deleteTemplate,yes,heuristic match,no,migrate,inventoried,
src/pages/admin/AdminTemplatesPage.tsx,25,useMutation,templates.seedTemplates,yes,no explicit branch detected,no,migrate,inventoried,
src/pages/admin/AdminUsersPage.tsx,57,useQuery,users.listUsers,yes,heuristic match,no,migrate,inventoried,
src/pages/admin/AdminUsersPage.tsx,58,useMutation,users.updateUser,yes,heuristic match,no,migrate,inventoried,
src/pages/admin/AdminUsersPage.tsx,59,useMutation,users.createUser,yes,heuristic match,no,migrate,inventoried,
src/pages/admin/AdminUsersPage.tsx,60,useMutation,users.resendInvitation,yes,heuristic match,no,migrate,inventoried,
src/pages/admin/AdminUsersPage.tsx,61,useMutation,users.sendPasswordReset,yes,heuristic match,no,migrate,inventoried,
src/pages/admin/AdminUsersPage.tsx,62,useMutation,users.archiveUser,yes,heuristic match,no,migrate,inventoried,
src/pages/admin/AdminUsersPage.tsx,63,useMutation,users.bulkUpdateUsers,yes,heuristic match,no,migrate,inventoried,
src/pages/admin/AdminUsersPage.tsx,64,useMutation,users.revokeAllSessions,yes,heuristic match,no,migrate,inventoried,
src/pages/admin/AdminUsersPage.tsx,85,useQuery,users.getUserActivity,yes,heuristic match,no,migrate,inventoried,
src/pages/admin/AdminUsersPage.tsx,89,useQuery,users.listSessions,yes,heuristic match,no,migrate,inventoried,
src/pages/auth/AccountSetupPage.tsx,17,useMutation,users.activateAccount,yes,heuristic match,no,migrate,inventoried,
src/pages/auth/Callback.tsx,19,useMutation,users.updateCurrentUser,yes,heuristic match,no,migrate,inventoried,
src/pages/client/ClientBillingPage.tsx,21,useQuery,clients.getMyClientRecord,yes,heuristic match,no,migrate,inventoried,
src/pages/client/ClientBillingPage.tsx,23,useQuery,cases.listCases,yes,heuristic match,no,migrate,inventoried,
src/pages/client/ClientBillingPage.tsx,24,useQuery,invoices.listInvoices,yes,heuristic match,no,migrate,inventoried,
src/pages/client/ClientBillingPage.tsx,25,useQuery,invoices.listTrustTransactions,yes,heuristic match,no,migrate,inventoried,
src/pages/client/ClientBillingPage.tsx,26,useQuery,timeEntries.listTimeEntries,yes,heuristic match,no,migrate,inventoried,
src/pages/client/ClientBillingPage.tsx,27,useQuery,settings.getSystemSettings,yes,heuristic match,no,migrate,inventoried,
src/pages/client/ClientBillingPage.tsx,29,useMutation,invoices.payInvoice,yes,heuristic match,no,migrate,inventoried,
src/pages/client/ClientBillingPage.tsx,30,useMutation,invoices.initiateGatewayPayment,yes,heuristic match,no,migrate,inventoried,
src/pages/client/ClientBookingPage.tsx,14,useQuery,clients.getMyClientRecord,yes,heuristic match,no,migrate,inventoried,
src/pages/client/ClientBookingPage.tsx,17,useQuery,cases.listCases,yes,heuristic match,no,migrate,inventoried,
src/pages/client/ClientBookingPage.tsx,29,useQuery,appointments.listAvailableSlots,yes,heuristic match,no,migrate,inventoried,
src/pages/client/ClientBookingPage.tsx,34,useMutation,appointments.bookConsultation,yes,heuristic match,no,migrate,inventoried,
src/pages/client/ClientBookingPage.tsx,36,useQuery,appointments.listClientAppointments,yes,heuristic match,no,migrate,inventoried,
src/pages/client/ClientCasesPage.tsx,19,useQuery,clients.getMyClientRecord,yes,heuristic match,no,migrate,inventoried,
src/pages/client/ClientCasesPage.tsx,21,useQuery,cases.listCases,yes,heuristic match,no,migrate,inventoried,
src/pages/client/ClientCasesPage.tsx,22,useQuery,users.listStaffDirectory,yes,heuristic match,no,migrate,inventoried,
src/pages/client/ClientCasesPage.tsx,23,useQuery,hearings.listHearings,yes,heuristic match,no,migrate,inventoried,
src/pages/client/ClientChecklistPage.tsx,17,useQuery,clients.getMyClientRecord,yes,heuristic match,no,migrate,inventoried,
src/pages/client/ClientChecklistPage.tsx,20,useQuery,cases.listCases,yes,heuristic match,no,migrate,inventoried,
src/pages/client/ClientChecklistPage.tsx,23,useQuery,tasks.listTasks,yes,heuristic match,no,migrate,inventoried,
src/pages/client/ClientDashboard.tsx,20,useQuery,clients.getMyClientRecord,yes,heuristic match,no,migrate,inventoried,
src/pages/client/ClientDashboard.tsx,24,useQuery,cases.listCases,yes,heuristic match,no,migrate,inventoried,
src/pages/client/ClientDashboard.tsx,28,useQuery,invoices.listInvoices,yes,heuristic match,no,migrate,inventoried,
src/pages/client/ClientDashboard.tsx,31,useQuery,hearings.listHearings,yes,heuristic match,no,migrate,inventoried,
src/pages/client/ClientDashboard.tsx,32,useQuery,users.listStaffDirectory,yes,heuristic match,no,migrate,inventoried,
src/pages/client/ClientDashboard.tsx,33,useQuery,documents.listDocuments,yes,heuristic match,no,migrate,inventoried,
src/pages/client/ClientDashboard.tsx,50,useQuery,messages.listMessages,yes,heuristic match,no,migrate,inventoried,
src/pages/client/ClientDocumentsPage.tsx,22,useQuery,documents.getFileUrl,yes,heuristic match,no,migrate,inventoried,
src/pages/client/ClientDocumentsPage.tsx,39,useQuery,clients.getMyClientRecord,yes,heuristic match,no,migrate,inventoried,
src/pages/client/ClientDocumentsPage.tsx,41,useQuery,cases.listCases,yes,heuristic match,no,migrate,inventoried,
src/pages/client/ClientDocumentsPage.tsx,42,useQuery,documents.listDocuments,yes,heuristic match,no,migrate,inventoried,
src/pages/client/ClientDocumentsPage.tsx,44,useMutation,documents.generateUploadUrl,yes,heuristic match,no,migrate,inventoried,
src/pages/client/ClientDocumentsPage.tsx,45,useMutation,documents.createDocument,yes,heuristic match,no,migrate,inventoried,
src/pages/client/ClientKYCOnboarding.tsx,74,useQuery,clients.getMyClientRecord,yes,heuristic match,no,migrate,inventoried,
src/pages/client/ClientKYCOnboarding.tsx,75,useMutation,documents.generateUploadUrl,yes,heuristic match,no,migrate,inventoried,
src/pages/client/ClientKYCOnboarding.tsx,76,useMutation,clients.submitKyc,yes,heuristic match,no,migrate,inventoried,
src/pages/client/ClientMessagesPage.tsx,14,useQuery,clients.getMyClientRecord,yes,heuristic match,no,migrate,inventoried,
src/pages/client/ClientMessagesPage.tsx,16,useQuery,cases.listCases,yes,heuristic match,no,migrate,inventoried,
src/pages/client/ClientMessagesPage.tsx,17,useQuery,users.listStaffDirectory,yes,heuristic match,no,migrate,inventoried,
src/pages/client/ClientMessagesPage.tsx,23,useQuery,messages.listMessages,yes,heuristic match,no,migrate,inventoried,
src/pages/client/ClientMessagesPage.tsx,29,useMutation,messages.sendMessage,yes,heuristic match,no,migrate,inventoried,
src/pages/client/ClientMessagesPage.tsx,30,useMutation,messages.markMessagesRead,yes,heuristic match,no,migrate,inventoried,
src/pages/client/ClientSignaturesPage.tsx,112,useQuery,documents.getFileUrl,yes,heuristic match,no,migrate,inventoried,
src/pages/client/ClientSignaturesPage.tsx,153,useQuery,documents.getSignatureCertificate,yes,heuristic match,no,migrate,inventoried,
src/pages/client/ClientSignaturesPage.tsx,193,useQuery,clients.getMyClientRecord,yes,heuristic match,no,migrate,inventoried,
src/pages/client/ClientSignaturesPage.tsx,196,useQuery,cases.listCases,yes,heuristic match,no,migrate,inventoried,
src/pages/client/ClientSignaturesPage.tsx,199,useQuery,documents.listDocuments,yes,heuristic match,no,migrate,inventoried,
src/pages/client/ClientSignaturesPage.tsx,200,useMutation,documents.signDocument,yes,heuristic match,no,migrate,inventoried,
src/pages/client/ClientSignaturesPage.tsx,201,useMutation,documents.markDocumentViewed,yes,heuristic match,no,migrate,inventoried,
src/pages/client/ClientSignaturesPage.tsx,202,useMutation,documents.generateUploadUrl,yes,heuristic match,no,migrate,inventoried,
src/pages/client/ClientSignaturesPage.tsx,203,useMutation,envelopes.issueSigningOtp,yes,heuristic match,no,migrate,inventoried,
src/pages/client/ClientSignaturesPage.tsx,204,useMutation,envelopes.verifySigningOtp,yes,heuristic match,no,migrate,inventoried,
src/pages/client/ClientSignaturesPage.tsx,205,useMutation,envelopes.declineEnvelope,yes,heuristic match,no,migrate,inventoried,
src/pages/client/ClientSignaturesPage.tsx,206,useQuery,envelopes.listMyPendingEnvelopeActions,yes,heuristic match,no,migrate,inventoried,
src/pages/client/ClientSignaturesPage.tsx,218,useQuery,documents.getFileUrl,yes,heuristic match,no,migrate,inventoried,
src/pages/public/AboutPage.tsx,30,useQuery,cms.getSettings,yes,heuristic match,no,migrate,inventoried,
src/pages/public/BlogPage.tsx,33,useQuery,cms.listBlogPosts,yes,heuristic match,no,migrate,inventoried,
src/pages/public/BlogPostPage.tsx,20,useQuery,cms.getBlogPostBySlug,yes,heuristic match,yes,migrate,inventoried,
src/pages/public/BlogPostPage.tsx,21,useQuery,cms.listBlogPosts,yes,heuristic match,no,migrate,inventoried,
src/pages/public/CareersPage.tsx,14,useQuery,cms.listCareers,yes,heuristic match,no,migrate,inventoried,
src/pages/public/CareersPage.tsx,15,useMutation,cms.createJobApplication,yes,heuristic match,no,migrate,inventoried,
src/pages/public/ConsultationPage.tsx,89,useMutation,appointments.createAppointment,yes,heuristic match,no,migrate,inventoried,
src/pages/public/ContactPage.tsx,38,useMutation,leads.createLead,yes,heuristic match,no,migrate,inventoried,
src/pages/public/ContactPage.tsx,39,useQuery,cms.getSettings,yes,heuristic match,no,migrate,inventoried,
src/pages/public/HomePage.tsx,105,useQuery,cms.getSettings,yes,heuristic match,no,migrate,inventoried,
src/pages/public/HomePage.tsx,106,useQuery,cms.listPracticeAreas,yes,heuristic match,no,migrate,inventoried,
src/pages/public/HomePage.tsx,107,useQuery,cms.listTestimonials,yes,heuristic match,no,migrate,inventoried,
src/pages/public/HomePage.tsx,108,useQuery,cms.listPublicTeam,yes,heuristic match,no,migrate,inventoried,
src/pages/public/HomePage.tsx,109,useQuery,cms.listBlogPosts,yes,heuristic match,no,migrate,inventoried,
src/pages/public/IntakeFormPage.tsx,15,useQuery,leads.getIntakeByToken,yes,heuristic match,yes,migrate,inventoried,
src/pages/public/IntakeFormPage.tsx,16,useMutation,leads.submitIntake,yes,heuristic match,yes,migrate,inventoried,
src/pages/public/LawyerDirectoryPage.tsx,43,useQuery,cms.listPublicTeam,yes,heuristic match,no,migrate,inventoried,
src/pages/public/LegalPage.tsx,52,useQuery,cms.getLegalPage,yes,heuristic match,no,migrate,inventoried,
src/pages/public/NewsPage.tsx,10,useQuery,cms.listNewsAndAwards,yes,heuristic match,no,migrate,inventoried,
src/pages/public/PracticeAreasPage.tsx,68,useQuery,cms.listPracticeAreas,yes,heuristic match,no,migrate,inventoried,
src/pages/public/PublicLawyerProfilePage.tsx,14,useQuery,cms.listPublicTeam,yes,heuristic match,no,migrate,inventoried,
src/pages/public/PublicLayout.tsx,23,useQuery,cms.getSettings,yes,heuristic match,no,migrate,inventoried,
src/pages/public/PublicLayout.tsx,24,useQuery,cms.listNavigationLinks,yes,heuristic match,no,migrate,inventoried,
src/pages/public/PublicLayout.tsx,25,useMutation,cms.subscribeNewsletter,yes,heuristic match,no,migrate,inventoried,
src/pages/public/ResourcesPage.tsx,12,useQuery,cms.listResources,yes,heuristic match,no,migrate,inventoried,
src/pages/public/ResourcesPage.tsx,13,useMutation,leads.createLead,yes,heuristic match,no,migrate,inventoried,
src/pages/public/ResourcesPage.tsx,14,useMutation,cms.incrementResourceDownload,yes,heuristic match,no,migrate,inventoried,
src/pages/public/SharedDocumentPage.tsx,15,useMutation,documents.getSharedDocument,yes,heuristic match,no,migrate,inventoried,
src/pages/public/SharedDocumentPage.tsx,16,useMutation,documents.downloadSharedDocument,yes,heuristic match,no,migrate,inventoried,
src/pages/shared/SharedProfilePage.tsx,17,useQuery,users.getCurrentUser,yes,heuristic match,no,migrate,inventoried,
src/pages/shared/SharedProfilePage.tsx,19,useQuery,users.listMySessions,yes,heuristic match,no,migrate,inventoried,
src/pages/shared/SharedProfilePage.tsx,20,useQuery,users.getMyAuditLog,yes,heuristic match,no,migrate,inventoried,
src/pages/shared/SharedProfilePage.tsx,22,useMutation,users.revokeSession,yes,heuristic match,no,migrate,inventoried,
src/pages/shared/SharedProfilePage.tsx,23,useMutation,users.updateOwnProfile,yes,heuristic match,no,migrate,inventoried,
src/pages/shared/SharedProfilePage.tsx,24,useMutation,users.changePassword,yes,heuristic match,no,migrate,inventoried,
src/pages/shared/SharedProfilePage.tsx,25,useMutation,users.generateAvatarUploadUrl,yes,heuristic match,no,migrate,inventoried,
src/pages/shared/SharedProfilePage.tsx,26,useMutation,users.setAvatarFromStorage,yes,heuristic match,no,migrate,inventoried,
src/pages/shared/SharedProfilePage.tsx,27,useMutation,users.beginTotpEnrollment,yes,heuristic match,no,migrate,inventoried,
src/pages/shared/SharedProfilePage.tsx,28,useMutation,users.confirmTotpEnrollment,yes,heuristic match,no,migrate,inventoried,
src/pages/shared/SharedProfilePage.tsx,29,useMutation,users.disableTotp,yes,heuristic match,no,migrate,inventoried,
src/pages/staff/StaffAppointmentsPage.tsx,13,useQuery,appointments.listAppointments,yes,heuristic match,no,migrate,inventoried,
src/pages/staff/StaffAppointmentsPage.tsx,17,useMutation,appointments.updateAppointmentStatus,yes,heuristic match,no,migrate,inventoried,
src/pages/staff/StaffCaseDetailPage.tsx,43,useQuery,cases.getCase,yes,heuristic match,no,migrate,inventoried,
src/pages/staff/StaffCaseDetailPage.tsx,44,useQuery,clients.listClients,yes,heuristic match,no,migrate,inventoried,
src/pages/staff/StaffCaseDetailPage.tsx,45,useQuery,users.listStaffDirectory,yes,heuristic match,no,migrate,inventoried,
src/pages/staff/StaffCaseDetailPage.tsx,46,useQuery,hearings.listHearings,yes,heuristic match,no,migrate,inventoried,
src/pages/staff/StaffCaseDetailPage.tsx,47,useQuery,documents.listDocuments,yes,heuristic match,yes,migrate,inventoried,
src/pages/staff/StaffCaseDetailPage.tsx,48,useMutation,cases.updateCase,yes,heuristic match,no,migrate,inventoried,
src/pages/staff/StaffCaseDetailPage.tsx,50,useQuery,tasks.listTasks,yes,heuristic match,no,migrate,inventoried,
src/pages/staff/StaffCaseDetailPage.tsx,51,useQuery,timeEntries.listTimeEntries,yes,heuristic match,no,migrate,inventoried,
src/pages/staff/StaffCaseDetailPage.tsx,52,useQuery,expenses.list,yes,heuristic match,no,migrate,inventoried,
src/pages/staff/StaffCaseDetailPage.tsx,53,useMutation,tasks.createTask,yes,heuristic match,no,migrate,inventoried,
src/pages/staff/StaffCaseDetailPage.tsx,54,useMutation,tasks.updateTask,yes,heuristic match,no,migrate,inventoried,
src/pages/staff/StaffCaseDetailPage.tsx,55,useMutation,tasks.runSop,yes,heuristic match,no,migrate,inventoried,
src/pages/staff/StaffCaseDetailPage.tsx,56,useQuery,tasks.listSopTemplates,yes,heuristic match,no,migrate,inventoried,
src/pages/staff/StaffCaseDetailPage.tsx,66,useQuery,briefs.list,no,heuristic match,yes,currently_simulated,inventoried,No matching Convex export; confirm intended behavior before replacement
src/pages/staff/StaffCaseDetailPage.tsx,67,useMutation,briefs.create,no,heuristic match,yes,currently_simulated,inventoried,No matching Convex export; confirm intended behavior before replacement
src/pages/staff/StaffCaseDetailPage.tsx,68,useMutation,briefs.update,no,heuristic match,yes,currently_simulated,inventoried,No matching Convex export; confirm intended behavior before replacement
src/pages/staff/StaffCaseDetailPage.tsx,69,useMutation,briefs.delete,no,heuristic match,yes,currently_simulated,inventoried,No matching Convex export; confirm intended behavior before replacement
src/pages/staff/StaffCaseDetailPage.tsx,70,useQuery,research.listNotes,yes,heuristic match,yes,migrate,inventoried,
src/pages/staff/StaffCasesPage.tsx,27,useQuery,clients.listClients,yes,heuristic match,no,migrate,inventoried,
src/pages/staff/StaffCasesPage.tsx,28,useQuery,users.listStaffDirectory,yes,heuristic match,no,migrate,inventoried,
src/pages/staff/StaffCasesPage.tsx,29,useQuery,hearings.listHearings,yes,heuristic match,no,migrate,inventoried,
src/pages/staff/StaffClientsPage.tsx,33,useQuery,clients.listClients,yes,heuristic match,no,migrate,inventoried,
src/pages/staff/StaffClientsPage.tsx,34,useQuery,cases.listCases,yes,heuristic match,no,migrate,inventoried,
src/pages/staff/StaffClientsPage.tsx,35,useMutation,clients.createClient,yes,heuristic match,no,migrate,inventoried,
src/pages/staff/StaffClientsPage.tsx,36,useMutation,clients.reviewKyc,yes,heuristic match,no,migrate,inventoried,
src/pages/staff/StaffClientsPage.tsx,55,useQuery,clients.getClientKycFileUrls,yes,heuristic match,no,migrate,inventoried,
src/pages/staff/StaffDashboard.tsx,11,useQuery,cases.listCases,yes,heuristic match,no,migrate,inventoried,
src/pages/staff/StaffDashboard.tsx,12,useQuery,hearings.listHearings,yes,heuristic match,no,migrate,inventoried,
src/pages/staff/StaffDashboard.tsx,13,useQuery,tasks.listTasks,yes,heuristic match,no,migrate,inventoried,
src/pages/staff/StaffDashboard.tsx,14,useQuery,tasks.listWorkload,yes,heuristic match,no,migrate,inventoried,
src/pages/staff/StaffDashboard.tsx,15,useQuery,users.listStaffDirectory,yes,heuristic match,no,migrate,inventoried,
src/pages/staff/StaffDashboard.tsx,16,useQuery,timeEntries.listTimeEntries,yes,heuristic match,no,migrate,inventoried,
src/pages/staff/StaffDocumentsPage.tsx,99,useQuery,cases.listCases,yes,heuristic match,no,migrate,inventoried,
src/pages/staff/StaffDocumentsPage.tsx,103,useQuery,envelopes.listPortalSigners,yes,heuristic match,no,migrate,inventoried,
src/pages/staff/StaffDocumentsPage.tsx,105,useMutation,documents.generateUploadUrl,yes,heuristic match,no,migrate,inventoried,
src/pages/staff/StaffDocumentsPage.tsx,107,useMutation,documents.requestSignature,yes,heuristic match,no,migrate,inventoried,
src/pages/staff/StaffDocumentsPage.tsx,108,useMutation,envelopes.createEnvelope,yes,heuristic match,no,migrate,inventoried,
src/pages/staff/StaffDocumentsPage.tsx,109,useMutation,envelopes.sendEnvelope,yes,heuristic match,no,migrate,inventoried,
src/pages/staff/StaffDocumentsPage.tsx,110,useMutation,documents.triggerOCR,yes,no explicit branch detected,no,migrate,inventoried,
src/pages/staff/StaffDocumentsPage.tsx,111,useMutation,documents.trashDocument,yes,heuristic match,no,migrate,inventoried,
src/pages/staff/StaffDocumentsPage.tsx,112,useMutation,documents.restoreDocument,yes,heuristic match,no,migrate,inventoried,
src/pages/staff/StaffDocumentsPage.tsx,113,useMutation,documents.hardDeleteDocument,yes,heuristic match,no,migrate,inventoried,
src/pages/staff/StaffDocumentsPage.tsx,114,useMutation,documents.setLegalHold,yes,heuristic match,no,migrate,inventoried,
src/pages/staff/StaffDocumentsPage.tsx,115,useMutation,documents.setRetention,yes,heuristic match,no,migrate,inventoried,
src/pages/staff/StaffHearingsPage.tsx,43,useQuery,hearings.listHearings,yes,heuristic match,no,migrate,inventoried,
src/pages/staff/StaffHearingsPage.tsx,44,useQuery,cases.listCases,yes,heuristic match,no,migrate,inventoried,
src/pages/staff/StaffHearingsPage.tsx,45,useQuery,users.listStaffDirectory,yes,heuristic match,no,migrate,inventoried,
src/pages/staff/StaffHearingsPage.tsx,46,useQuery,court.getPesi,yes,heuristic match,no,migrate,inventoried,
src/pages/staff/StaffHearingsPage.tsx,49,useMutation,hearings.createHearing,yes,heuristic match,no,migrate,inventoried,
src/pages/staff/StaffHearingsPage.tsx,50,useMutation,hearings.updateHearing,yes,heuristic match,no,migrate,inventoried,
src/pages/staff/StaffHearingsPage.tsx,51,useMutation,tasks.createHearingPrepTasks,yes,heuristic match,no,migrate,inventoried,
src/pages/staff/StaffHearingsPage.tsx,52,useMutation,tasks.updateTask,yes,heuristic match,no,migrate,inventoried,
src/pages/staff/StaffHearingsPage.tsx,53,useQuery,tasks.listTasks,yes,heuristic match,no,migrate,inventoried,
src/pages/staff/StaffResearchPage.tsx,44,useQuery,research.listNotes,yes,heuristic match,yes,migrate,inventoried,
src/pages/staff/StaffResearchPage.tsx,45,useQuery,cases.listCases,yes,heuristic match,yes,migrate,inventoried,
src/pages/staff/StaffResearchPage.tsx,47,useMutation,research.createNote,yes,heuristic match,yes,migrate,inventoried,
src/pages/staff/StaffResearchPage.tsx,48,useMutation,research.updateNote,yes,heuristic match,yes,migrate,inventoried,
src/pages/staff/StaffResearchPage.tsx,49,useMutation,research.deleteNote,yes,heuristic match,yes,migrate,inventoried,
src/pages/staff/StaffTasksPage.tsx,45,useQuery,tasks.listWorkload,yes,heuristic match,no,migrate,inventoried,
src/pages/staff/StaffTasksPage.tsx,46,useQuery,cases.listCases,yes,heuristic match,no,migrate,inventoried,
src/pages/staff/StaffTasksPage.tsx,47,useQuery,users.listStaffDirectory,yes,heuristic match,no,migrate,inventoried,
src/pages/staff/StaffTasksPage.tsx,48,useQuery,hearings.listHearings,yes,heuristic match,no,migrate,inventoried,
src/pages/staff/StaffTasksPage.tsx,49,useQuery,documents.listDocuments,yes,heuristic match,yes,migrate,inventoried,
src/pages/staff/StaffTasksPage.tsx,51,useMutation,tasks.createTask,yes,heuristic match,no,migrate,inventoried,
src/pages/staff/StaffTasksPage.tsx,53,useMutation,tasks.archiveTask,yes,heuristic match,no,migrate,inventoried,
src/pages/staff/StaffTasksPage.tsx,54,useMutation,tasks.restoreTask,yes,heuristic match,no,migrate,inventoried,
src/pages/staff/StaffTasksPage.tsx,55,useMutation,tasks.deleteTask,yes,heuristic match,no,migrate,inventoried,
src/pages/staff/StaffTasksPage.tsx,56,useMutation,tasks.addComment,yes,heuristic match,no,migrate,inventoried,
src/pages/staff/StaffTasksPage.tsx,57,useMutation,tasks.scanOverdueReminders,yes,heuristic match,no,migrate,inventoried,
src/pages/staff/StaffTasksPage.tsx,58,useMutation,timeEntries.createTimeEntry,yes,heuristic match,no,migrate,inventoried,
src/pages/staff/StaffTasksPage.tsx,135,useQuery,tasks.listComments,yes,heuristic match,no,migrate,inventoried,
src/pages/staff/StaffTasksPage.tsx,173,useQuery,tasks.listTasks,yes,heuristic match,no,migrate,inventoried,
src/pages/staff/StaffTimeTrackerPage.tsx,13,useQuery,timeEntries.listTimeEntries,yes,heuristic match,no,migrate,inventoried,
src/pages/staff/StaffTimeTrackerPage.tsx,14,useQuery,cases.listCases,yes,heuristic match,no,migrate,inventoried,
src/pages/staff/StaffTimeTrackerPage.tsx,15,useMutation,timeEntries.createTimeEntry,yes,heuristic match,no,migrate,inventoried,
src/pages/staff/StaffTimeTrackerPage.tsx,16,useMutation,timeEntries.deleteTimeEntry,yes,heuristic match,no,migrate,inventoried,
