"vitePath","audience","viteComponent","nextPath","nextFile","status","moveWave","notes"
"/auth/callback","auth","src/legacy-pages/auth/Callback.tsx","/auth/callback","src/app/auth/callback/page.tsx","exists","W1-auth-public","Next page exists; Vite remains product UI on :3002 until cutover"
"/setup-account","auth","src/legacy-pages/auth/AccountSetupPage.tsx","/setup-account","src/app/setup-account/page.tsx","exists","W1-auth-public","Same component as /reset-password"
"/reset-password","auth","src/legacy-pages/auth/AccountSetupPage.tsx","/reset-password","src/app/reset-password/page.tsx","exists","W1-auth-public","Reuses AccountSetupPage"
"/sign-in","auth","src/legacy-pages/auth/SignInPage.tsx","/sign-in","src/app/sign-in/page.tsx","exists","W1-auth-public","Next stub present"
"/mfa-enroll","auth","src/legacy-pages/auth/MfaEnrollmentPage.tsx","/mfa-enroll","src/app/mfa-enroll/page.tsx","exists","W1-auth-public",""
"/intake/:token","token","src/legacy-pages/public/IntakeFormPage.tsx","/intake/[token]","src/app/intake/[token]/page.tsx","exists","W1-auth-public","Public token intake; no layout shell"
"/share/:token","token","src/legacy-pages/public/SharedDocumentPage.tsx","/share/[token]","src/app/share/[token]/page.tsx","exists","W1-auth-public","Public document share; no layout shell"
"/","public","src/legacy-pages/public/HomePage.tsx","/","src/app/(public)/page.tsx","exists","W1-auth-public","Next home exists; still Convex-bridge residuals in places"
"/practice-areas","public","src/legacy-pages/public/PracticeAreasPage.tsx","/practice-areas","src/app/(public)/practice-areas/page.tsx","exists","W1-auth-public",""
"/about-us","public","src/legacy-pages/public/AboutPage.tsx","/about-us","src/app/(public)/about-us/page.tsx","exists","W1-auth-public",""
"/lawyers","public","src/legacy-pages/public/LawyerDirectoryPage.tsx","/lawyers","src/app/(public)/lawyers/page.tsx","exists","W1-auth-public",""
"/lawyers/:id","public","src/legacy-pages/public/PublicLawyerProfilePage.tsx","/lawyers/[id]","src/app/(public)/lawyers/[id]/page.tsx","exists","W1-auth-public",""
"/consultation","public","src/legacy-pages/public/ConsultationPage.tsx","/consultation","src/app/(public)/consultation/page.tsx","exists","W1-auth-public",""
"/contact","public","src/legacy-pages/public/ContactPage.tsx","/contact","src/app/(public)/contact/page.tsx","exists","W1-auth-public",""
"/blog","public","src/legacy-pages/public/BlogPage.tsx","/blog","src/app/(public)/blog/page.tsx","exists","W1-auth-public",""
"/blog/:slug","public","src/legacy-pages/public/BlogPostPage.tsx","/blog/[slug]","src/app/(public)/blog/[slug]/page.tsx","exists","W1-auth-public",""
"/careers","public","src/legacy-pages/public/CareersPage.tsx","/careers","src/app/(public)/careers/page.tsx","exists","W1-auth-public",""
"/resources","public","src/legacy-pages/public/ResourcesPage.tsx","/resources","src/app/(public)/resources/page.tsx","exists","W1-auth-public",""
"/news","public","src/legacy-pages/public/NewsPage.tsx","/news","src/app/(public)/news/page.tsx","exists","W1-auth-public",""
"/privacy-policy","public","src/legacy-pages/public/LegalPage.tsx","/privacy-policy","src/app/(public)/privacy-policy/page.tsx","exists","W1-auth-public","LegalPage discriminates by path"
"/terms","public","src/legacy-pages/public/LegalPage.tsx","/terms","src/app/(public)/terms/page.tsx","exists","W1-auth-public","LegalPage discriminates by path"
"/client","client","src/legacy-pages/client/ClientDashboard.tsx","/client","src/app/(client)/client/page.tsx","exists","W2-client","Shared view src/views/client/ClientDashboard; Next page wired"
"/client/cases","client","src/legacy-pages/client/ClientCasesPage.tsx","/client/cases","src/app/(client)/client/cases/page.tsx","exists","W2-client",""
"/client/documents","client","src/legacy-pages/client/ClientDocumentsPage.tsx","/client/documents","src/app/(client)/client/documents/page.tsx","exists","W2-client",""
"/client/messages","client","src/legacy-pages/client/ClientMessagesPage.tsx","/client/messages","src/app/(client)/client/messages/page.tsx","exists","W2-client",""
"/client/billing","client","src/legacy-pages/client/ClientBillingPage.tsx","/client/billing","src/app/(client)/client/billing/page.tsx","exists","W2-client",""
"/client/booking","client","src/legacy-pages/client/ClientBookingPage.tsx","/client/booking","src/app/(client)/client/booking/page.tsx","exists","W2-client",""
"/client/kyc","client","src/legacy-pages/client/ClientKYCOnboarding.tsx","/client/kyc","src/app/(client)/client/kyc/page.tsx","exists","W2-client",""
"/client/signatures","client","src/legacy-pages/client/ClientSignaturesPage.tsx","/client/signatures","src/app/(client)/client/signatures/page.tsx","exists","W2-client",""
"/client/checklist","client","src/legacy-pages/client/ClientChecklistPage.tsx","/client/checklist","src/app/(client)/client/checklist/page.tsx","exists","W2-client",""
"/client/profile","client","src/legacy-pages/shared/SharedProfilePage.tsx","/client/profile","src/app/(client)/client/profile/page.tsx","exists","W2-client","Shared profile in src/views/shared; also used by staff/admin routes later"
"/staff","staff","src/legacy-pages/staff/StaffDashboard.tsx","/staff","src/app/(staff)/staff/page.tsx","exists","W3-staff","Shared view src/views/staff/StaffDashboard; Next page wired"
"/staff/cases","staff","src/legacy-pages/staff/StaffCasesPage.tsx","/staff/cases","src/app/(staff)/staff/cases/page.tsx","exists","W3-staff",""
"/staff/cases/:id","staff","src/legacy-pages/staff/StaffCaseDetailPage.tsx","/staff/cases/[id]","src/app/(staff)/staff/cases/[id]/page.tsx","exists","W3-staff",""
"/staff/hearings","staff","src/legacy-pages/staff/StaffHearingsPage.tsx","/staff/hearings","src/app/(staff)/staff/hearings/page.tsx","exists","W3-staff",""
"/staff/documents","staff","src/legacy-pages/staff/StaffDocumentsPage.tsx","/staff/documents","src/app/(staff)/staff/documents/page.tsx","exists","W3-staff",""
"/staff/tasks","staff","src/legacy-pages/staff/StaffTasksPage.tsx","/staff/tasks","src/app/(staff)/staff/tasks/page.tsx","exists","W3-staff",""
"/staff/time","staff","src/legacy-pages/staff/StaffTimeTrackerPage.tsx","/staff/time","src/app/(staff)/staff/time/page.tsx","exists","W3-staff",""
"/staff/clients","staff","src/legacy-pages/staff/StaffClientsPage.tsx","/staff/clients","src/app/(staff)/staff/clients/page.tsx","exists","W3-staff",""
"/staff/appointments","staff","src/legacy-pages/staff/StaffAppointmentsPage.tsx","/staff/appointments","src/app/(staff)/staff/appointments/page.tsx","exists","W3-staff",""
"/staff/research","staff","src/legacy-pages/staff/StaffResearchPage.tsx","/staff/research","src/app/(staff)/staff/research/page.tsx","exists","W3-staff",""
"/staff/profile","staff","src/legacy-pages/shared/SharedProfilePage.tsx","/staff/profile","src/app/(staff)/staff/profile/page.tsx","exists","W3-staff","Shared profile in src/views/shared"
"/admin","admin","src/legacy-pages/admin/AdminDashboard.tsx","/admin","src/app/(admin)/admin/page.tsx","exists","W4-admin","Shared view src/views/admin/AdminDashboard; Next page wired"
"/admin/users","admin","src/legacy-pages/admin/AdminUsersPage.tsx","/admin/users","src/app/(admin)/admin/users/page.tsx","exists","W4-admin",""
"/admin/analytics","admin","src/legacy-pages/admin/AdminAnalyticsPage.tsx","/admin/analytics","src/app/(admin)/admin/analytics/page.tsx","exists","W4-admin",""
"/admin/hr","admin","src/legacy-pages/admin/AdminHRPage.tsx","/admin/hr","src/app/(admin)/admin/hr/page.tsx","exists","W4-admin",""
"/admin/finance","admin","src/legacy-pages/admin/AdminFinancePage.tsx","/admin/finance","src/app/(admin)/admin/finance/page.tsx","exists","W4-admin",""
"/admin/expenses","admin","src/legacy-pages/admin/AdminExpensesPage.tsx","/admin/expenses","src/app/(admin)/admin/expenses/page.tsx","exists","W4-admin",""
"/admin/crm","admin","src/legacy-pages/admin/AdminCRMPage.tsx","/admin/crm","src/app/(admin)/admin/crm/page.tsx","exists","W4-admin",""
"/admin/settings","admin","src/legacy-pages/admin/AdminSettingsPage.tsx","/admin/settings","src/app/(admin)/admin/settings/page.tsx","exists","W4-admin",""
"/admin/audit","admin","src/legacy-pages/admin/AdminAuditPage.tsx","/admin/audit","src/app/(admin)/admin/audit/page.tsx","exists","W4-admin",""
"/admin/conflict-checker","admin","src/legacy-pages/admin/AdminConflictChecker.tsx","/admin/conflict-checker","src/app/(admin)/admin/conflict-checker/page.tsx","exists","W4-admin",""
"/admin/document-generator","admin","src/legacy-pages/admin/AdminDocumentGenerator.tsx","/admin/document-generator","src/app/(admin)/admin/document-generator/page.tsx","exists","W4-admin",""
"/admin/appointments","admin","src/legacy-pages/admin/AdminAppointmentsPage.tsx","/admin/appointments","src/app/(admin)/admin/appointments/page.tsx","exists","W4-admin",""
"/admin/templates","admin","src/legacy-pages/admin/AdminTemplatesPage.tsx","/admin/templates","src/app/(admin)/admin/templates/page.tsx","exists","W4-admin",""
"/admin/profile","admin","src/legacy-pages/shared/SharedProfilePage.tsx","/admin/profile","src/app/(admin)/admin/profile/page.tsx","exists","W4-admin","Shared profile in src/views/shared"
"/admin/cms","admin","src/legacy-pages/admin/AdminCMSDashboard.tsx","/admin/cms","src/app/(admin)/admin/cms/page.tsx","exists","W5-cms","Shared view under src/views/admin/cms"
"/admin/cms/navigation","admin","src/legacy-pages/admin/AdminCMSNavigation.tsx","/admin/cms/navigation","src/app/(admin)/admin/cms/navigation/page.tsx","exists","W5-cms","Shared view under src/views/admin/cms"
"/admin/cms/practice-areas","admin","src/legacy-pages/admin/AdminCMSPracticeAreas.tsx","/admin/cms/practice-areas","src/app/(admin)/admin/cms/practice-areas/page.tsx","exists","W5-cms","Shared view under src/views/admin/cms"
"/admin/cms/testimonials","admin","src/legacy-pages/admin/AdminCMSTestimonials.tsx","/admin/cms/testimonials","src/app/(admin)/admin/cms/testimonials/page.tsx","exists","W5-cms","Shared view under src/views/admin/cms"
"/admin/cms/team","admin","src/legacy-pages/admin/AdminCMSTeam.tsx","/admin/cms/team","src/app/(admin)/admin/cms/team/page.tsx","exists","W5-cms","Shared view under src/views/admin/cms"
"/admin/cms/blog","admin","src/legacy-pages/admin/AdminCMSBlog.tsx","/admin/cms/blog","src/app/(admin)/admin/cms/blog/page.tsx","exists","W5-cms","Shared view under src/views/admin/cms"
"/admin/cms/news","admin","src/legacy-pages/admin/AdminCMSNews.tsx","/admin/cms/news","src/app/(admin)/admin/cms/news/page.tsx","exists","W5-cms","Shared view under src/views/admin/cms"
"/admin/cms/careers","admin","src/legacy-pages/admin/AdminCMSCareers.tsx","/admin/cms/careers","src/app/(admin)/admin/cms/careers/page.tsx","exists","W5-cms","Shared view under src/views/admin/cms"
"/admin/cms/resources","admin","src/legacy-pages/admin/AdminCMSResources.tsx","/admin/cms/resources","src/app/(admin)/admin/cms/resources/page.tsx","exists","W5-cms","Shared view under src/views/admin/cms"
"/admin/cms/about","admin","src/legacy-pages/admin/AdminCMSAbout.tsx","/admin/cms/about","src/app/(admin)/admin/cms/about/page.tsx","exists","W5-cms","Shared view under src/views/admin/cms"
"/admin/cms/governance","admin","src/legacy-pages/admin/AdminCMSGovernance.tsx","/admin/cms/governance","src/app/(admin)/admin/cms/governance/page.tsx","exists","W5-cms","Shared view under src/views/admin/cms"
"/admin/clients","admin","","/admin/clients","src/app/(admin)/admin/clients/page.tsx","exists","W4-admin","Next-only shared clients operations route"
"/admin/cms/homepage","admin","","/admin/cms/homepage","src/app/(admin)/admin/cms/homepage/page.tsx","exists","W5-cms","Next-only CMS homepage editor route"
"/client/billing/return","client","","/client/billing/return","src/app/(client)/client/billing/return/page.tsx","exists","W2-client","Next-only payment return route"
"/client/cases/:id","client","","/client/cases/[id]","src/app/(client)/client/cases/[id]/page.tsx","exists","W2-client","Next-only client matter detail route"
"/client/hearings","client","","/client/hearings","src/app/(client)/client/hearings/page.tsx","exists","W2-client","Next-only client hearings route"
"/client/notifications","client","","/client/notifications","src/app/(client)/client/notifications/page.tsx","exists","W2-client","Next-only client notification center"
"/news/:slug","public","","/news/[slug]","src/app/(public)/news/[slug]/page.tsx","exists","W1-auth-public","Next-only CMS news detail with UUID redirect support"
"/practice-areas/:slug","public","","/practice-areas/[slug]","src/app/(public)/practice-areas/[slug]/page.tsx","exists","W1-auth-public","Next-only CMS practice-area detail"
"/resources/:slug","public","","/resources/[slug]","src/app/(public)/resources/[slug]/page.tsx","exists","W1-auth-public","Next-only CMS resource detail"
"/sign-in/:portal","auth","","/sign-in/[portal]","src/app/sign-in/[portal]/page.tsx","exists","W1-auth-public","Portal-aware sign-in deep link"
"/staff/content","staff","","/staff/content","src/app/(staff)/staff/content/page.tsx","exists","W3-staff","Next-only staff editorial workspace"
"/staff/crm","staff","","/staff/crm","src/app/(staff)/staff/crm/page.tsx","exists","W3-staff","Next-only staff-scoped CRM workspace"
"/staff/hr","staff","","/staff/hr","src/app/(staff)/staff/hr/page.tsx","exists","W3-staff","Next-only staff HR self-service"
"/staff/messages","staff","","/staff/messages","src/app/(staff)/staff/messages/page.tsx","exists","W3-staff","Next-only case messaging workspace"
"/staff/team-chat","staff","","/staff/team-chat","src/app/(staff)/staff/team-chat/page.tsx","exists","W3-staff","Next-only direct team messaging workspace"
"*","public","src/legacy-pages/NotFound.tsx","*","src/app/not-found.tsx","exists","W1-auth-public","App Router not-found.tsx; optional redirect from unknown paths"
